name,type,category,parent,aliases,description
Samsung,brand,Smartphone,,"Samsung Indonesia|Samsung ID","Produsen elektronik dan smartphone global asal Korea Selatan"
Apple,brand,Smartphone,,"Apple ID|Apple Indonesia|Apple Inc","Perusahaan teknologi global pembuat iPhone, iPad, dan Mac"
Xiaomi,brand,Smartphone,,"Xiaomi Indonesia|Mi Indonesia","Perusahaan elektronik konsumen dan teknologi asal Tiongkok"
Oppo,brand,Smartphone,,"Oppo Indonesia|OPPO ID","Produsen smartphone dan perangkat pintar asal Tiongkok"
Vivo,brand,Smartphone,,"Vivo Indonesia|VIVO ID","Perusahaan teknologi produsen smartphone asal Tiongkok"
Realme,brand,Smartphone,,"Realme Indonesia|realme ID","Brand smartphone dan teknologi konsumen"
Infinix,brand,Smartphone,,"Infinix Indonesia|Infinix ID","Brand smartphone di bawah naungan Transsion Holdings"
Asus,brand,Smartphone,,"Asus Indonesia|ASUS ID","Produsen perangkat keras komputer dan smartphone asal Taiwan"
Tecno,brand,Smartphone,,"Tecno Mobile|Tecno Indonesia","Brand smartphone di bawah Transsion Holdings"
"Samsung Galaxy S24 Ultra",product,Smartphone,Samsung,"Galaxy S24 Ultra|S24 Ultra|Samsung S24 Ultra","Smartphone flagship Samsung dengan stylus S-Pen dan Snapdragon 8 Gen 3"
"Samsung Galaxy S24",product,Smartphone,Samsung,"Galaxy S24|S24|Samsung S24","Smartphone flagship kompak dari Samsung dengan fitur Galaxy AI"
"Samsung Galaxy A55",product,Smartphone,Samsung,"Galaxy A55|A55 5G|Samsung A55","Smartphone mid-range Samsung dengan frame metal dan sertifikasi IP67"
"Samsung Galaxy A57",product,Smartphone,Samsung,"Galaxy A57|A57|Samsung A57","Smartphone kelas menengah masa depan Samsung lini seri A"
"Samsung Galaxy A54",product,Smartphone,Samsung,"Galaxy A54|A54 5G|Samsung A54","Smartphone kelas menengah populer Samsung rilisan 2023"
"Samsung Galaxy A35",product,Smartphone,Samsung,"Galaxy A35|A35 5G|Samsung A35","Smartphone mid-range Samsung dengan layar Super AMOLED 120Hz"
"Samsung Galaxy A15",product,Smartphone,Samsung,"Galaxy A15|A15 LTE|A15 5G","Smartphone entry-level Samsung dengan layar Super AMOLED"
"Samsung Galaxy Z Fold 6",product,Smartphone,Samsung,"Galaxy Z Fold 6|Z Fold 6|Fold 6","Smartphone layar lipat premium Samsung format buku"
"Samsung Galaxy Z Flip 6",product,Smartphone,Smartphone,"Galaxy Z Flip 6|Z Flip 6|Flip 6","Smartphone layar lipat clamshell kompak dari Samsung"
"iPhone 16 Pro Max",product,Smartphone,Apple,"16 Pro Max|iPhone 16 Pro Max ID","Flagship tertinggi Apple dengan layar 6.9 inci dan chip A18 Pro"
"iPhone 16 Pro",product,Smartphone,Apple,"16 Pro|iPhone 16 Pro ID","Flagship kompak Apple dengan kamera 5x telephoto dan Camera Control"
"iPhone 16",product,Smartphone,Apple,"iPhone 16 Reguler|iP 16","Lini standar iPhone dengan Action Button dan chip A18"
"iPhone 15 Pro Max",product,Smartphone,Apple,"15 Pro Max|iPhone 15 Pro Max ID","Flagship Apple bodi titanium dengan port USB-C dan lensa periskop"
"iPhone 15",product,Smartphone,Apple,"iPhone 15 Reguler|iP 15","Lini standar iPhone 15 dengan Dynamic Island dan kamera 48MP"
"iPhone 13",product,Smartphone,Apple,"iPhone 13 Reguler|iP 13","iPhone entry-flagship populer dengan daya tahan baterai andal"
"iPhone 11",product,Smartphone,Apple,"iPhone 11 Reguler|iP 11","Smartphone legendaris Apple dengan kamera ganda ultra wide"
"Xiaomi 14",product,Smartphone,Xiaomi,"Mi 14|Xiaomi 14 Reguler","Flagship kompak Xiaomi berkolaborasi dengan lensa Leica"
"Xiaomi 14T Pro",product,Smartphone,Xiaomi,"14T Pro|Xiaomi 14T Pro ID","Flagship killer Xiaomi dengan kamera Leica dan chipset Dimensity 9300+"
"Redmi Note 13 Pro",product,Smartphone,Xiaomi,"Redmi Note 13 Pro 5G|Note 13 Pro","Smartphone mid-range Xiaomi dengan kamera utama 200MP OIS"
"Redmi Note 13",product,Smartphone,Xiaomi,"Redmi Note 13 4G|Note 13","Pilihan mid-range terjangkau dengan layar AMOLED 120Hz"
"Redmi 13C",product,Smartphone,Xiaomi,"Redmi 13 C|Xiaomi 13C","Smartphone entry-level terjangkau dengan RAM besar"
"POCO F6",product,Smartphone,Xiaomi,"Poco F6 5G|F6","Smartphone gaming performa tinggi berchipset Snapdragon 8s Gen 3"
"POCO X6 Pro",product,Smartphone,Xiaomi,"Poco X6 Pro 5G|X6 Pro","Performa kencang Dimensity 8300-Ultra di kelas harga menengah"
"POCO M6 Pro",product,Smartphone,Xiaomi,"Poco M6 Pro 4G|M6 Pro","Smartphone all-rounder terjangkau dengan layar Flow AMOLED 120Hz"
"Oppo Find X7 Ultra",product,Smartphone,Oppo,"Find X7 Ultra|Oppo Find X7","Flagship kamera premium kolaborasi Hasselblad dengan dual-periscope"
"Oppo Reno 12 Pro",product,Smartphone,Oppo,"Reno 12 Pro 5G|Reno12 Pro","Smartphone fotografi potret dengan fitur GenAI dan bodi tahan banting"
"Oppo Reno 11",product,Smartphone,Oppo,"Reno 11 5G|Reno11","Smartphone mid-range dengan kamera portrait telephoto 32MP"
"Oppo A79",product,Smartphone,Oppo,"Oppo A79 5G|A79","Smartphone kelas menengah Oppo dengan desain Glowing Feather"
"Oppo A58",product,Smartphone,Oppo,"Oppo A58 4G|A58","Smartphone harian dengan layar Sunlight FHD+ dan baterai 5000mAh"
"Vivo X100 Pro",product,Smartphone,Vivo,"X100 Pro|Vivo X100 Pro ZEISS","Flagship kamera profesional kolaborasi ZEISS dengan sensor 1 inci"
"Vivo V30 Pro",product,Smartphone,Vivo,"V30 Pro 5G|Vivo V30 Pro ZEISS","Smartphone potret tipis pertama seri V dengan optik ZEISS"
"Vivo V40",product,Smartphone,Vivo,"Vivo V40 5G|V40","Smartphone stylish dengan baterai 5500mAh dan kamera ZEISS"
"Vivo Y28",product,Smartphone,Vivo,"Vivo Y28 4G|Y28","Smartphone entry-level dengan Star Halo Dynamic Light dan baterai 6000mAh"
"Vivo Y100",product,Smartphone,Vivo,"Vivo Y100 5G|Y100","Smartphone trendi dengan desain kulit fiber premium dan FlashCharge 80W"
"Realme GT 6",product,Smartphone,Realme,"GT 6|realme GT6","Flagship killer Realme dengan chipset Snapdragon 8s Gen 3 dan layar 6000 nits"
"Realme 12 Pro+",product,Smartphone,Realme,"Realme 12 Pro Plus|12 Pro+","Pionir kamera periskop telefoto di kelas smartphone mid-range"
"Realme C67",product,Smartphone,Realme,"realme C67|C67","Smartphone kelas pemula berbekal kamera 108MP 3x In-sensor Zoom"
"Realme Note 50",product,Smartphone,Realme,"realme Note 50|Note 50","Smartphone entry-level super terjangkau dengan layar 90Hz"
"Infinix GT 20 Pro",product,Smartphone,Infinix,"GT 20 Pro|Infinix GT20 Pro","Smartphone gaming resmi turnamen e-sports dengan chip display gaming dedicated"
"Infinix Note 40 Pro",product,Smartphone,Infinix,"Note 40 Pro|Infinix Note40 Pro","Smartphone mid-range dengan fitur wireless All-Round FastCharge 2.0"
"Infinix Hot 40 Pro",product,Smartphone,Infinix,"Hot 40 Pro|Infinix Hot40 Pro","Smartphone terjangkau bertenaga MediaTek Helio G99"
"Asus ROG Phone 8",product,Smartphone,Asus,"ROG Phone 8 Pro|ROG 8","Smartphone gaming nomor satu dengan Snapdragon 8 Gen 3 dan sertifikasi IP68"
"Asus Zenfone 11 Ultra",product,Smartphone,Asus,"Zenfone 11 Ultra|Zenfone 11","Flagship all-rounder Asus berlayar lega dengan fitur AI canggih"
"Tecno Camon 30 Pro",product,Smartphone,Tecno,"Camon 30 Pro 5G|Camon 30 Pro","Smartphone fokus kreasi konten video dan foto berchipset Dimensity 8200"
"Tecno Pova 6 Pro",product,Smartphone,Tecno,"Pova 6 Pro 5G|Pova 6 Pro","Smartphone berdesain mecha futuristik dengan baterai masif 6000mAh"
Toyota,brand,Mobil,,"Toyota Indonesia|TAM|Toyota Astra Motor","Pabrikan otomotif terbesar di Indonesia asal Jepang"
"Honda Mobil",brand,Mobil,,"Honda Prospect Motor|HPM|Honda Auto ID","Pabrikan mobil asal Jepang di Indonesia di bawah Honda Prospect Motor"
"Mitsubishi Motors",brand,Mobil,,"Mitsubishi Indonesia|MMKSI","Pabrikan kendaraan penumpang dan niaga asal Jepang"
Hyundai,brand,Mobil,,"Hyundai Motors Indonesia|HMID","Pabrikan otomotif dan pelopor kendaraan listrik asal Korea Selatan"
"Suzuki Mobil",brand,Mobil,,"Suzuki Indonesia|Suzuki Indomobil","Produsen mobil penumpang dan komersial asal Jepang"
"Wuling Motors",brand,Mobil,,"Wuling Indonesia|SGMW","Produsen mobil asal Tiongkok pelopor mobil listrik mungil di Indonesia"
Daihatsu,brand,Mobil,,"Astra Daihatsu Motor|ADM","Pabrikan otomotif spesialis mobil kompak dan ramah keluarga"
BYD,brand,Mobil,,"BYD Motor Indonesia|BYD Auto","Raksasa produsen kendaraan listrik murni (EV) global asal Tiongkok"
"Toyota Avanza",product,Mobil,Toyota,"All New Avanza|Avanza","MPV sejuta umat terpopuler di Indonesia berpenggerak roda depan"
"Toyota Innova Zenix",product,Mobil,Toyota,"Innova Zenix|Kijang Innova Zenix|Zenix Hybrid","Medium MPV generasi terbaru dengan platform TNGA dan opsi mesin hybrid"
"Toyota Fortuner",product,Mobil,Toyota,"Fortuner GR Sport|New Fortuner","SUV ladder frame tangguh bermesin diesel bertenaga"
"Toyota Yaris Cross",product,Mobil,Toyota,"Yaris Cross Hybrid|Yaris Cross","Compact SUV ramah lingkungan dengan pilihan mesin hybrid buatan lokal"
"Toyota Raize",product,Mobil,Toyota,"Raize GR Sport|Toyota Raize Turbo","Compact crossover lincah dengan mesin 1.0L Turbo dan TSS"
"Honda HR-V",product,Mobil,"Honda Mobil","All New HR-V|HRV SE|HRV Turbo RS","Compact SUV bergaya coupe modern terlaris di kelasnya"
"Honda CR-V",product,Mobil,"Honda Mobil","All New CR-V|CRV Hybrid|CR-V e:HEV","Medium SUV premium keluarga dengan opsi powertrain e:HEV"
"Honda Brio",product,Mobil,"Honda Mobil","Brio Satya|Brio RS|All New Brio","City car terlaris di Indonesia dengan handling lincah dan hemat BBM"
"Honda BR-V",product,Mobil,"Honda Mobil","All New BR-V|BRV Prestige|BR-V N7X","LSUV 7-seater keluarga berfitur keselamatan Honda Sensing"
"Honda WR-V",product,Mobil,"Honda Mobil","Honda WRV|WRV RS","Small SUV berjiwa muda dengan ground clearance tinggi"
"Mitsubishi Xpander",product,Mobil,"Mitsubishi Motors","New Xpander|Xpander Ultimate","Small MPV dengan kenyamanan suspensi terbaik dan kabin senyap"
"Mitsubishi Xpander Cross",product,Mobil,"Mitsubishi Motors","Xpander Cross Premium|New Xpander Cross","Crossover MPV tangguh berjiwa petualang dengan Active Yaw Control"
"Mitsubishi Pajero Sport",product,Mobil,"Mitsubishi Motors","Pajero Sport Dakar|New Pajero Sport","SUV ladder frame legendaris dengan performa diesel 4N15"
"Mitsubishi Xforce",product,Mobil,"Mitsubishi Motors","Xforce Ultimate|Mitsubishi X-Force","Compact SUV futuristik dengan audio premium Dynamic Sound Yamaha"
"Hyundai Ioniq 5",product,Mobil,Hyundai,"Ioniq 5 Signature|Hyundai Ioniq 5 EV","Crossover listrik retro-futuristik pionir buatan lokal Indonesia"
"Hyundai Creta",product,Mobil,Hyundai,"Creta Prime|Hyundai Creta","Compact SUV sarat fitur dengan Hyundai Smartsense dan Bluelink"
"Hyundai Stargazer",product,Mobil,Hyundai,"Stargazer X|Hyundai Stargazer","MPV keluarga futuristik dengan kabin lapang dan captain seat"
"Hyundai Santa Fe",product,Mobil,Hyundai,"All New Santa Fe|Santa Fe Hybrid","SUV bongsor berdesain boxy radikal dengan opsi powertrain hybrid"
"Suzuki XL7",product,Mobil,"Suzuki Mobil","XL7 Hybrid|Suzuki XL7 Alpha","Crossover SUV 7-seater dengan teknologi Smart Hybrid Vehicle by Suzuki"
"Suzuki Ertiga Hybrid",product,Mobil,"Suzuki Mobil","All New Ertiga Hybrid|Ertiga","LMPV keluarga ramah kantong berteknologi elektrifikasi ringan"
"Suzuki Jimny",product,Mobil,"Suzuki Mobil","Jimny 5-Door|Jimny 3-Door","SUV mini off-road 4x4 ikonik dengan kemampuan lintas medan sejati"
"Wuling Air EV",product,Mobil,"Wuling Motors","Air ev Long Range|Wuling Air EV","Mobil listrik kompak perkotaan terlaris dengan kemudahan easy charging"
"Honda Motor",brand,Motor,,"Astra Honda Motor|AHM|Honda Motor ID","Pabrikan sepeda motor terbesar di Indonesia"
"Yamaha Motor",brand,Motor,,"Yamaha Indonesia Motor|YIMM","Pabrikan motor Jepang pionir skuter matik berkarakter sporty"
"Suzuki Motor",brand,Motor,,"Suzuki Sepeda Motor|Suzuki Motor ID","Pabrikan sepeda motor dengan keandalan mesin dan durabilitas tinggi"
"Kawasaki Motor",brand,Motor,,"Kawasaki Motor Indonesia|KMI","Pabrikan motor spesialis sport bike dan trail penjelajah"
Vespa,brand,Motor,,"Piaggio Vespa|Vespa Indonesia","Brand skuter matik premium bergaya retro-klasik asal Italia"
"Honda Beat",product,Motor,"Honda Motor","All New Beat|Beat Street|Honda BeAT","Skuter matik terlaris di Indonesia berbadan ramping dan hemat bahan bakar"
"Honda Vario 160",product,Motor,"Honda Motor","Vario 160 ABS|All New Vario 160","Skuter matik harian sporty dengan mesin 160cc eSP+ 4 katup"
"Honda PCX 160",product,Motor,"Honda Motor","PCX 160 CBS|PCX 160 ABS","Skuter matik gambot premium elegan untuk kenyamanan berkendara jauh"
"Honda ADV 160",product,Motor,"Honda Motor","ADV 160 ABS|Honda ADV","Skuter matik penjelajah tangguh dengan suspensi tabung ganda"
"Honda Scoopy",product,Motor,"Honda Motor","All New Scoopy|Scoopy Prestige","Skuter matik retro modern favorit anak muda berfitur smart key"
"Honda Stylo 160",product,Motor,"Honda Motor","Stylo 160 ABS|Honda Stylo","Skuter matik retro modern fashionable bermesin 160cc bertenaga"
"Honda CBR150R",product,Motor,"Honda Motor","All New CBR150R|CBR 150R","Motor sport fairing 150cc dengan suspensi inverted front fork"
"Yamaha NMAX 155",product,Motor,"Yamaha Motor","NMAX Turbo|All New NMAX 155","Skuter matik maxi terfavorit berteknologi YECVT dan Y-Connect"
"Yamaha Aerox 155",product,Motor,"Yamaha Motor","Aerox Connected|All New Aerox","Maxi scooter berdesain super sporty dengan performa kencang"
"Yamaha XMAX 250",product,Motor,"Yamaha Motor","XMAX Connected|Yamaha XMAX","Skuter matik touring 250cc dengan sistem navigasi Garmin"
"Yamaha Fazzio",product,Motor,"Yamaha Motor","Fazzio Hybrid|Fazzio Lux","Skuter matik Classy Yamaha bermesin Blue Core Hybrid 125cc"
"Yamaha Grand Filano",product,Motor,"Yamaha Motor","Grand Filano Hybrid|Filano Lux","Skuter matik bergaya elegan mewah berlayar TFT sub-display"
"Yamaha MT-15",product,Motor,"Yamaha Motor","MT 15|Yamaha MT15","Motor naked sport agresif bertorsi buas di kelas 155cc VVA"
"Yamaha R15",product,Motor,"Yamaha Motor","R15 Connected|Yamaha R15M","Motor sport fairing berkarakter DNA balap Yamaha R-Series"
"Suzuki Satria F150",product,Motor,"Suzuki Motor","Satria FU|All New Satria F150","Motor bebek underbone kencang legendaris bermesin DOHC 150cc"
"Suzuki Burgman Street 125EX",product,Motor,"Suzuki Motor","Burgman 125|Burgman Street EX","Skuter matik urban elegan berteknologi Suzuki Eco Performance Alpha"
"Kawasaki Ninja 250",product,Motor,"Kawasaki Motor","Ninja 250 Fi|Ninja 250 2 Silinder","Motor sport 2 silinder 250cc pionir fairing di Indonesia"
"Kawasaki KLX 150",product,Motor,"Kawasaki Motor","KLX 150 SE|Kawasaki KLX","Motor trail dual-sport tangguh untuk segala medan jalanan"
"Vespa Primavera",product,Motor,Vespa,"Primavera S 150|Vespa Primavera","Skuter ikonik dengan lampu bulat klasik berteknologi mesin i-get"
"Vespa Sprint",product,Motor,Vespa,"Sprint S 150|Vespa Sprint","Skuter ikonik berlampu heksagonal bernuansa sporty berani"
IDCloudHost,brand,"Cloud & Hosting",,"ID Cloud Host|PT Cloud Hosting Indonesia","Penyedia cloud hosting, VPS NVMe, dan domain asal Indonesia"
"Biznet Gio",brand,"Cloud & Hosting",,"Biznet GIO Cloud|PT Biznet Gio Nusantara","Penyedia layanan cloud computing infrastruktur enterprise dan UMKM"
Dewaweb,brand,"Cloud & Hosting",,"Dewa Web|PT Dewaweb","Penyedia cloud hosting bersertifikasi ISO 27001 dengan SLA tinggi"
Niagahoster,brand,"Cloud & Hosting",,"Niaga Hoster|Web Niagahoster","Penyedia web hosting dan domain bagian dari Hostinger Group"
DomaiNesia,brand,"Cloud & Hosting",,"Domainesia|PT Deneva","Penyedia web hosting murah, domain, dan Cloud VPS berbasis SSD"
Rumahweb,brand,"Cloud & Hosting",,"Rumahweb Indonesia|PT Rumahweb","Penyedia jasa registrasi domain dan web hosting di Indonesia"
Qwords,brand,"Cloud & Hosting",,"Qwords Cloud Web Hosting|PT Qwords Company","Penyedia solusi cloud hosting, dedicated server, dan nama domain"
"Jagoan Hosting",brand,"Cloud & Hosting",,"Jagoan Hosting Indonesia|Beon Intermedia","Penyedia web hosting Indonesia spesialis developer dan startup"
CloudKilat,brand,"Cloud & Hosting",,"Cloud Kilat|KilatVM|PT Infinys System Indonesia","Penyedia infrastruktur komputasi awan lokal terjangkau"
DigitalOcean,brand,"Cloud & Hosting",,"DO|Digital Ocean Inc","Platform cloud computing global penyedia virtual machine Droplet"
"Amazon Web Services",brand,"Cloud & Hosting",,"AWS|Amazon Cloud","Platform komputasi awan komprehensif terdepan di dunia"
"VPS IDCloudHost",service,"Cloud & Hosting",IDCloudHost,"Cloud VPS IDCloudHost|Server IDCloudHost","Layanan Virtual Private Server fleksibel hourly dari IDCloudHost"
"Cloud Hosting IDCloudHost",service,"Cloud & Hosting",IDCloudHost,"Hosting IDCloudHost|Shared Hosting IDCloudHost","Web hosting cPanel berbasis cloud storage berkecepatan tinggi"
"Dedicated Server IDCloudHost",service,"Cloud & Hosting",IDCloudHost,"Dedicated IDCloudHost","Penyewaan server fisik dedicated untuk kebutuhan komputasi besar"
"VPS Biznet Gio",service,"Cloud & Hosting","Biznet Gio","NEO Lite VPS|Biznet Gio VPS","Layanan VPS publik dengan bandwidth gratis tanpa kuota"
"NEO Cloud Biznet Gio",service,"Cloud & Hosting","Biznet Gio","NEO Cloud|NEO Virtual Compute","Layanan cloud compute fleksibel multi-region dari Biznet Gio"
"GIO Cloud Biznet Gio",service,"Cloud & Hosting","Biznet Gio","GIO Cloud Enterprise|Private Cloud Biznet Gio","Solusi enterprise cloud berbasis VMware dengan keamanan tinggi"
"Cloud Hosting Dewaweb",service,"Cloud & Hosting",Dewaweb,"Hosting Dewaweb|Shared Hosting Dewaweb","Hosting premium LiteSpeed dengan keamanan Immunify360"
"VPS Dewaweb",service,"Cloud & Hosting",Dewaweb,"Cloud VPS Dewaweb|Dewaweb VPS","Virtual machine performa tinggi untuk kebutuhan bisnis online"
"Web Hosting Niagahoster",service,"Cloud & Hosting",Niagahoster,"Hosting Niagahoster|Unlimited Hosting Niagahoster","Hosting website berbasis hPanel dengan domain gratis"
"VPS Niagahoster",service,"Cloud & Hosting",Niagahoster,"KVM VPS Niagahoster|Niagahoster VPS","Self-managed KVM VPS dengan full root access dan IP dedicated"
"Cloud Hosting Niagahoster",service,"Cloud & Hosting",Niagahoster,"Managed Cloud Niagahoster","Hosting bertenaga server cloud dengan kemudahan shared hosting"
"Web Hosting DomaiNesia",service,"Cloud & Hosting",DomaiNesia,"Hosting DomaiNesia|cPanel DomaiNesia","Web hosting SSD cepat dengan garansi uptime 99.9%"
"Cloud VPS DomaiNesia",service,"Cloud & Hosting",DomaiNesia,"VPS DomaiNesia|KVM DomaiNesia","Layanan cloud VPS instan dengan bandwidth unmetered"
"Hosting Rumahweb",service,"Cloud & Hosting",Rumahweb,"Shared Hosting Rumahweb|Rumahweb Hosting","Hosting terjangkau dengan dukungan cPanel dan Plesk"
"VPS Rumahweb",service,"Cloud & Hosting",Rumahweb,"Cloud Server Rumahweb|VPS Rumahweb","Virtual private server fleksibel dengan pilihan OS Linux dan Windows"
"Cloud Web Hosting Qwords",service,"Cloud & Hosting",Qwords,"Hosting Qwords|cPanel Qwords","Hosting berkecepatan tinggi dengan server di data center tier 3 lokal"
"VPS Cloud Qwords",service,"Cloud & Hosting",Qwords,"Cloud VPS Qwords|Server Qwords","Server virtual terdedikasi untuk aplikasi skala enterprise"
"Kilat VM",service,"Cloud & Hosting",CloudKilat,"KilatVM 2.0|CloudKilat VM","Server komputasi awan fleksibel berkonsep bayar sesuai pemakaian"
"Amazon EC2",service,"Cloud & Hosting","Amazon Web Services","AWS EC2|Elastic Compute Cloud","Layanan komputasi awan virtual berkapasitas terukur dari AWS"
Telkomsel,brand,"ISP & Telco",,"Tsel|PT Telkomsel","Operator seluler dengan cakupan jaringan terluas di Indonesia"
"Indosat Ooredoo Hutchison",brand,"ISP & Telco",,"Indosat|IOH|PT Indosat Tbk","Operator telekomunikasi seluler digital terkemuka di Indonesia"
"XL Axiata",brand,"ISP & Telco",,"XL|PT XL Axiata Tbk","Operator seluler dan penyedia layanan internet pita lebar"
Smartfren,brand,"ISP & Telco",,"Smartfren Telecom|PT Smartfren Telecom Tbk","Penyedia layanan telekomunikasi berbasis jaringan 4G penuh"
Biznet,brand,"ISP & Telco",,"Biznet Networks|PT Midplaza Prima","Penyedia infrastruktur digital dan internet fiber optik terkemuka"
"First Media",brand,"ISP & Telco",,"FirstMedia|PT Link Net Tbk","Penyedia layanan internet broadband rumah dan TV kabel berbayar"
MyRepublic,brand,"ISP & Telco",,"My Republic|MyRepublic Indonesia","Penyedia internet fiber ultra cepat khusus gamer dan keluarga"
Oxygen.id,brand,"ISP & Telco",,"Oxygen ID|PT Mora Telematika Indonesia","Layanan internet broadband fiber optik tanpa kuota dari Moratelindo"
CBN,brand,"ISP & Telco",,"CBN Internet|PT Cyberindo Aditama","Pionir penyedia layanan internet premium dan pusat data di Indonesia"
IndiHome,service,"ISP & Telco",Telkomsel,"Indihome Fiber|Telkom IndiHome","Layanan internet rumah fiber optik terluas di bawah Telkomsel"
by.U,service,"ISP & Telco",Telkomsel,"byU|by U Telkomsel","Layanan seluler prabayar serba digital pertama di Indonesia"
"Telkomsel Halo",service,"ISP & Telco",Telkomsel,"Kartu Halo|Halo Telkomsel","Layanan pascabayar premium dari Telkomsel dengan kuota prioritas"
IM3,service,"ISP & Telco","Indosat Ooredoo Hutchison","Indosat IM3|IM3 Ooredoo","Layanan seluler prabayar dan pascabayar berjiwa muda dari IOH"
"Tri Indonesia",service,"ISP & Telco","Indosat Ooredoo Hutchison","3 Indonesia|Kartu Tri|Tri IOH","Brand seluler hemat dengan kuota isi ulang fleksibel"
"Indosat HiFi",service,"ISP & Telco","Indosat Ooredoo Hutchison","HiFi Indosat|Indosat Fiber","Layanan internet rumah berbasis fiber optik kecepatan tinggi dari IOH"
"XL Prabayar",service,"ISP & Telco","XL Axiata","Kartu XL|XL Prepaid","Layanan kartu seluler prabayar dengan paket internet variatif"
AXIS,service,"ISP & Telco","XL Axiata","Kartu AXIS|Axis XL","Brand seluler anak muda berfokus pada paket kuota hemat dan bonus"
"XL SATU",service,"ISP & Telco","XL Axiata","XL SATU Fiber|XL Satu Bape","Layanan konvergensi internet rumah fiber dan kuota HP sekeluarga"
"Biznet Home",service,"ISP & Telco",Biznet,"Internet Biznet Home|Biznet Fiber","Layanan internet wifi rumah ultra cepat dengan simetris download-upload 1:1"
"Biznet Metronet",service,"ISP & Telco",Biznet,"Metronet Biznet|Biznet UKM","Layanan internet broadband dedicated untuk segmen usaha kecil dan menengah"
Tokopedia,brand,E-commerce,,"Toped|PT Tokopedia","Marketplace belanja daring terbesar asli Indonesia"
Shopee,brand,E-commerce,,"Shopee Indonesia|PT Shopee International Indonesia","Platform e-commerce mobile-first terkemuka di Asia Tenggara"
Blibli,brand,E-commerce,,"Blibli.com|PT Global Digital Niaga Tbk","Pelopor ekosistem omnichannel perdagangan dan gaya hidup terpercaya"
Lazada,brand,E-commerce,,"Lazada Indonesia|PT Lazmall","Platform e-commerce terkemuka bagian dari Alibaba Group"
Bukalapak,brand,E-commerce,,"BL|PT Bukalapak.com Tbk","Perusahaan teknologi yang memberdayakan warung dan UMKM"
"TikTok Shop",brand,E-commerce,,"Shop Tokopedia|TikTok E-commerce","Platform social commerce belanja langsung di aplikasi TikTok"
Gojek,brand,"Ride Hailing",,"Go-Jek|PT GoTo Gojek Tokopedia Tbk","Super-app on-demand pelopor ride-hailing di Indonesia"
Grab,brand,"Ride Hailing",,"Grab Indonesia|GrabTaxi","Aplikasi super penyedia transportasi, pesan antar makanan, dan finansial"
Maxim,brand,"Ride Hailing",,"Maxim Indonesia|Maxim Transportasi","Layanan ride-hailing dan pemesanan kendaraan dengan tarif kompetitif"
inDrive,brand,"Ride Hailing",,"inDriver|inDrive Indonesia","Aplikasi transportasi daring dengan sistem penawaran harga langsung"
"J&T Express",brand,Logistics,,"JNT|J&T Express Indonesia","Perusahaan jasa pengiriman ekspres kilat berbasis teknologi e-commerce"
"JNE Express",brand,Logistics,,"JNE|PT Jalur Nugraha Ekakurir","Perusahaan logistik dan kurir ekspres tertua dan terbesar di Indonesia"
"SiCepat Ekspres",brand,Logistics,,"SiCepat|PT SiCepat Ekspres Indonesia","Penyedia layanan logistik terintegrasi cepat dengan layanan pick up"
Anteraja,brand,Logistics,,"AnterAja|PT Tri Adi Bersama","Layanan kurir online bagian dari Triputra Group terintegrasi marketplace"
"Ninja Xpress",brand,Logistics,,"Ninja Van|Ninja Van Indonesia","Jasa ekspedisi dan pengiriman barang e-commerce berskala internasional"
"Pos Indonesia",brand,Logistics,,"PosAja|PT Pos Indonesia Persero","BUMN logistik pos dan kurir tertua dengan jaringan kantor pos terluas"
"Wahana Express",brand,Logistics,,"Wahana Prestasi Logistik|Wahana","Jasa pengiriman paket hemat dan ekonomis ke seluruh wilayah Indonesia"
"Lion Parcel",brand,Logistics,,"Lion Express|Lion Air Parcel","Jasa ekspedisi logistik pengiriman via armada kargo udara Lion Group"
Paxel,brand,Logistics,,"Paxel Indonesia|Paxel Sameday","Layanan logistik berbasis aplikasi pionir pengiriman sameday dan cold chain"
GoCar,service,"Ride Hailing",Gojek,"Go-Car|Gojek Car","Layanan transportasi mobil online aman dan nyaman dari Gojek"
GoFood,service,"Ride Hailing",Gojek,"Go-Food|Gojek Makanan","Layanan pesan antar makanan daring terfavorit masyarakat Indonesia"
GoSend,service,"Ride Hailing",Gojek,"Go-Send|Gojek Kirim Paket","Layanan kurir instan dan pengiriman barang kilat dalam kota"
GrabCar,service,"Ride Hailing",Grab,"Grab Car|Mobil Grab","Layanan pemesanan mobil transportasi online harian dari Grab"
GrabFood,service,"Ride Hailing",Grab,"Grab Food|Pesan Makan Grab","Layanan antar makanan online dengan ribuan mitra resto pilihan"
GrabExpress,service,"Ride Hailing",Grab,"Grab Express|Kurir Grab","Layanan kurir on-demand pengantaran paket ekspres seketika"
ShopeeFood,service,E-commerce,Shopee,"Shopee Food|Pesan Makan Shopee","Layanan pesan antar makanan dengan voucher diskon melimpah di Shopee"
ShopeePay,service,E-commerce,Shopee,"Shopee Pay|Dompet Shopee","Layanan dompet digital dan pembayaran nontunai terintegrasi Shopee"
SPayLater,service,E-commerce,Shopee,"Shopee PayLater|Paylater Shopee","Layanan paylater beli sekarang bayar nanti di ekosistem Shopee"
"Tokopedia NOW",service,E-commerce,Tokopedia,"Tokopedia Now|Supermarket Tokopedia","Layanan belanja kebutuhan harian kilat pengiriman 2 jam tiba"
GoRide,service,"Ride Hailing",Gojek,"Go-Ride|Ojek Gojek","Layanan transportasi motor ojek online cepat melintasi kemacetan"
Indomie,brand,"Brand Umum",,"Mie Indomie|PT Indofood CBP","Brand mie instan legendaris nomor satu di Indonesia"
Aqua,brand,"Brand Umum",,"Danone Aqua|Air Mineral Aqua","Pelopor air minum dalam kemasan (AMDK) berkualitas di Indonesia"
"Le Minerale",brand,"Brand Umum",,"Le Minerale Mayora|Air Le Minerale","Air mineral pegunungan dengan mineral esensial dari Mayora"
"Ultra Milk",brand,"Brand Umum",,"Susu Ultra|Ultrajaya","Pelopor susu UHT berkualitas dari susu sapi segar alami"
"Teh Botol Sosro",brand,"Brand Umum",,"Tehbotol Sosro|Sosro","Pelopor teh siap minum dalam kemasan botol pertama di dunia"
"Kopi Kenangan",brand,"Brand Umum",,"Kenangan Coffee|Kopi Kenangan Mantan","Rantai kedai kopi grab-and-go unicorn pertama di Asia Tenggara"
"Janji Jiwa",brand,"Brand Umum",,"Kopi Janji Jiwa|Jiwa Group","Jaringan kedai kopi lokal dengan konsep kopi dari hati"
Chatime,brand,"Brand Umum",,"Chatime Indonesia|F&B ID","Brand brewed tea dan boba drink populer di bawah naungan F&B ID"
Mixue,brand,"Brand Umum",,"Mixue Ice Cream & Tea|Mixue Indonesia","Rantai es krim soft serve dan teh segar asal Tiongkok berharga terjangkau"
Wardah,brand,"Brand Umum",,"Wardah Cosmetics|Paragon Corp","Pionir kosmetik dan skincare halal terkemuka di Indonesia"
"Scarlett Whitening",brand,"Brand Umum",,"Scarlett|Scarlett by Felicya Angelista","Brand skincare dan bodycare lokal dengan wangi mewah tahan lama"
Somethinc,brand,"Brand Umum",,"Somethinc Official|Beauty Somethinc","Brand kecantikan lokal berstandar internasional dengan formula inovatif"
Kahf,brand,"Brand Umum",,"Kahf Men|Kahf Everyday","Brand perawatan diri pria dengan bahan alami dan halal dari Paragon"
Eiger,brand,"Brand Umum",,"Eiger Adventure|PT Eigerindo Multi Produk","Brand perlengkapan aktivitas luar ruang dan petualangan tropis ternama"
Erigo,brand,"Brand Umum",,"Erigo Apparel|Erigo Store","Brand fashion lokal streetwear karya anak bangsa yang mendunia"
Ventela,brand,"Brand Umum",,"Sepatu Ventela|Ventela Shoes","Brand sepatu vulcanized lokal berkualitas tinggi dengan harga bersahabat"
Compass,brand,"Brand Umum",,"Sepatu Compass|Compass Gazelle","Brand sepatu sneakers retro lokal paling dicari pencinta fashion"
Polytron,brand,"Brand Umum",,"Polytron Indonesia|PT Hartono Istana Teknologi","Perusahaan elektronik konsumen dan audio visual asli Indonesia"
Miyako,brand,"Brand Umum",,"Miyako Indonesia|Elektronik Miyako","Peralatan rumah tangga andalan keluarga Indonesia berstandar SNI"
Maspion,brand,"Brand Umum",,"Maspion Group|Cintailah Produk Produk Indonesia","Produsen peralatan dapur dan elektronik rumah tangga legendaris"
"Joko Widodo",person,"Politisi",,"Jokowi|Presiden Jokowi","Presiden ke-7 Republik Indonesia periode 2014-2024"
"Prabowo Subianto",person,"Politisi",,"Prabowo|Presiden Prabowo","Presiden Republik Indonesia, mantan Menteri Pertahanan dan purnawirawan TNI"
"Anies Baswedan",person,"Politisi",,"Anies|Gubernur Anies","Mantan Gubernur DKI Jakarta dan tokoh politik nasional"
"Ganjar Pranowo",person,"Politisi",,"Ganjar","Mantan Gubernur Jawa Tengah dan tokoh politik nasional"
"Ridwan Kamil",person,"Politisi",,"RK|Kang Emil","Mantan Gubernur Jawa Barat dan tokoh politik nasional"
"Raffi Ahmad",person,"Selebriti & Artis",,"Raffi","Presenter dan selebriti multitalenta Indonesia"
"Nagita Slavina",person,"Selebriti & Artis",,"Gigi|Nagita","Presenter dan pengusaha selebriti Indonesia"
"Deddy Corbuzier",person,"Selebriti & Artis",,"Om Deddy|Mr. Suggestive","Mentalis, presenter, dan podcaster Indonesia"
"Ariel NOAH",person,"Selebriti & Artis",,"Ariel Noah|Nazriel Ilham","Vokalis band NOAH dan musisi Indonesia"
"Agnez Mo",person,"Selebriti & Artis",,"Agnes Monica","Penyanyi dan aktris Indonesia berkarier internasional"
"Jonatan Christie",person,"Atlet",,"Jojo","Atlet bulu tangkis tunggal putra Indonesia"
"Greysia Polii",person,"Atlet",,,"Atlet bulu tangkis ganda putri peraih emas Olimpiade Indonesia"
"Pratama Arhan",person,"Atlet",,"Arhan","Pemain sepak bola timnas Indonesia"
"Rizky Ridho",person,"Atlet",,"Rizky Ridho Ramadhani","Pemain sepak bola timnas Indonesia"
"Anthony Sinisuka Ginting",person,"Atlet",,"Ginting","Atlet bulu tangkis tunggal putra Indonesia"
"Chairul Tanjung",person,"Pengusaha",,"CT","Pengusaha dan pendiri CT Corp"
"William Tanuwijaya",person,"Pengusaha",,,"Pengusaha teknologi pendiri Tokopedia"
"Achmad Zaky",person,"Pengusaha",,,"Pengusaha teknologi pendiri Bukalapak"
"Hary Tanoesoedibjo",person,"Pengusaha",,"Hary Tanoe","Pengusaha media dan pendiri MNC Group"
"Sandiaga Uno",person,"Pengusaha",,"Sandi Uno","Pengusaha dan tokoh publik Indonesia"
"Atta Halilintar",person,"Kreator Konten",,"Atta","Kreator konten dan YouTuber Indonesia"
"Ria Ricis",person,"Kreator Konten",,"Ricis","Kreator konten dan YouTuber Indonesia"
"Baim Wong",person,"Kreator Konten",,,"Aktor dan kreator konten Indonesia"
"Arief Muhammad",person,"Kreator Konten",,"Poconggg","Penulis dan kreator konten Indonesia"
"Jerome Polin",person,"Kreator Konten",,"Jerome Polin Sijabat","Kreator konten edukasi dan YouTuber Indonesia"
"Dedi Mulyadi",person,"Politisi",,"Kang Dedi|KDM","Gubernur Jawa Barat dan tokoh politik nasional"
"Roy Suryo",person,"Politisi",,,"Pengamat telematika dan mantan Menteri Pemuda dan Olahraga"
"Bahlil Lahadalia",person,"Politisi",,,"Menteri ESDM dan tokoh politik nasional"
"Purbaya Yudhi Sadewa",person,"Politisi",,,"Menteri Keuangan Republik Indonesia"
Indofood,brand,"FMCG",,"Indofood Sukses Makmur|Indomie","Produsen makanan dan minuman konsumen terbesar di Indonesia"
"Unilever Indonesia",brand,"FMCG",,"Unilever ID","Perusahaan barang konsumen multinasional dengan produk rumah tangga dan personal care"
"Wings Group",brand,"FMCG",,"Wings Food|Wings Surya","Konglomerasi FMCG asli Indonesia produsen sabun dan makanan"
Mayora,brand,"FMCG",,"Mayora Indah|PT Mayora","Produsen makanan dan minuman kemasan asal Indonesia"
Garudafood,brand,"FMCG",,"PT Garudafood","Produsen makanan ringan dan minuman kemasan Indonesia"
"Bank Central Asia",brand,"Bank & E-Wallet",,"BCA|Bank BCA","Bank swasta terbesar di Indonesia"
"Bank Mandiri",brand,"Bank & E-Wallet",,"Mandiri|Bank Mandiri Persero","Bank BUMN terbesar di Indonesia"
GoPay,brand,"Bank & E-Wallet",,"Go-Pay|Gopay Indonesia","Layanan dompet digital dari grup GoTo"
OVO,brand,"Bank & E-Wallet",,,"Layanan dompet digital dan pembayaran elektronik Indonesia"
DANA,brand,"Bank & E-Wallet",,"Dana Indonesia","Layanan dompet digital dan pembayaran elektronik Indonesia"
"Garuda Indonesia",brand,"Maskapai Penerbangan",,"Garuda|GA","Maskapai penerbangan nasional Indonesia"
"Lion Air",brand,"Maskapai Penerbangan",,,"Maskapai penerbangan swasta terbesar di Indonesia"
Citilink,brand,"Maskapai Penerbangan",,"Citilink Indonesia","Maskapai penerbangan berbiaya rendah anak usaha Garuda Indonesia"
"AirAsia Indonesia",brand,"Maskapai Penerbangan",,"Air Asia Indonesia|Indonesia AirAsia","Maskapai penerbangan berbiaya rendah asal Malaysia yang beroperasi di Indonesia"
"Batik Air",brand,"Maskapai Penerbangan",,,"Maskapai penerbangan full-service anak usaha Lion Air Group"
Mekari,brand,"SaaS & Software",,"Mekari Jurnal|Mekari Talenta","Perusahaan SaaS Indonesia penyedia software akuntansi dan HR"
"Accurate Online",brand,"SaaS & Software",,"Accurate Software|CPSSoft","Software akuntansi berbasis cloud asal Indonesia"
Canva,brand,"SaaS & Software",,"Canva Indonesia","Platform desain grafis online berbasis cloud"
Zoom,brand,"SaaS & Software",,"Zoom Video Communications","Platform konferensi video dan komunikasi online"
Slack,brand,"SaaS & Software",,,"Platform komunikasi dan kolaborasi tim berbasis cloud"
"BPJS Kesehatan",brand,"Institusi & Layanan Publik",,,"Badan penyelenggara jaminan sosial kesehatan nasional Indonesia"
PLN,brand,"Institusi & Layanan Publik",,"Perusahaan Listrik Negara","Badan usaha milik negara penyedia listrik nasional"
Dukcapil,brand,"Institusi & Layanan Publik",,"Disdukcapil","Layanan kependudukan dan pencatatan sipil pemerintah"
Samsat,brand,"Institusi & Layanan Publik",,,"Layanan administrasi pajak dan registrasi kendaraan bermotor"
PDAM,brand,"Institusi & Layanan Publik",,"Perusahaan Daerah Air Minum","Badan usaha milik daerah penyedia layanan air bersih"
